uuid,SB208_250519_S1_VIP1_ladder,SB208_250526_S1_VIP1_ladder,SB208_250602_S1_VIP1_ladder
3ea1f0e6-11cb-4662-9cc1-086d7e8e1f19,1,3,4
b800b604-2e60-4f2a-b834-514e7a3e7e9b,4,2,2
2f5a6ccc-8426-42c3-a384-a6dd476a50de,5,4,3
7b9f1cf6-f2b4-44e0-baef-388bfd050de4,6,5,5
73d3d42b-6631-4063-b1f0-6b817177a958,7,7,7
a3fa5a7a-dbc8-4c12-81ec-9464e089411d,8,6,6
946c5585-de8a-4df4-a3e9-54a02915c2f9,9,8,10
3f97bbc6-b58f-4247-9599-ac24bff9a499,10,10,9
89242276-c00b-4e05-bba8-1cd056fc9506,12,11,12
b3dc4a89-f71c-407a-9190-affdf4902e3f,13,12,11
adf84e97-b456-40c0-9fa5-2f2f1e23992d,15,14,14
f814fca5-22e4-4348-968e-bd53e3739708,16,16,16
8723e55d-a2aa-46fb-84c3-ae1e806f1a02,17,18,19
a1a6f47b-f279-4280-9c53-c2d431aedb9d,18,19,18
6f75164c-d769-43a6-800e-5f56f40d5086,19,20,21
ee8b25b3-88a8-49e7-bca0-be8afddd51e6,20,21,22
dbc8d2e7-4ede-463a-aec7-5c325990e84c,22,24,24
e194fc8d-fa43-47ef-b868-9d2bf69c8f50,25,28,28
de9ab22c-7d02-4753-a585-45cbff517b05,26,27,27
3aaa8152-ca47-44b7-a5f8-adb52227e0b9,27,32,33
40b652c2-a030-494c-97cc-a19438de1314,30,31,32
e6fb4f3e-6422-40de-bf50-239001a2468c,31,30,29
6eafaa65-fbca-40a7-98cb-d7aa41aa900b,33,34,34
32f97857-8114-4588-b98d-95ae29fdaa1d,34,36,37
b607a7ac-44d0-4be6-81e5-8a0cb9c46879,35,35,36
d4a2a78b-43ff-43cb-adde-7d42b1f4b318,36,37,35
bc19846d-0098-45b1-ab54-d4bf072f9beb,37,39,39
6416fe83-1254-47ce-b537-690cc649912d,38,38,38
f09d6e25-a490-4293-a5a4-1ff402df5947,39,40,42
0713bb5a-359c-403b-aebc-77a7d025cd28,40,43,44
3308584b-f3c3-46c9-9a31-ecfae23cbd54,42,42,43
9d48c6d6-4b54-49ff-90d8-eb43c06dd5dc,43,41,41
836931f7-fa13-4362-b341-2babd879df00,45,45,45
dd7d1581-92b4-42d0-835a-9c42a993cf96,46,47,47
8abb1c6a-af34-4385-ad29-b4104725445e,47,46,46
aeaa4a18-fbbf-4d26-9e9d-c843c16fc1cc,51,50,None
bc8c8cbb-cb7d-4648-97fd-5573005148ac,52,51,51
21b1cf31-3ba0-482b-9273-02344bd69e35,53,52,52
44a400fb-957c-43ff-8453-8d68d0f894b1,55,54,53
35b674de-5ed9-4f06-9d95-7b7698248961,56,55,54
667ec601-f590-451b-ae0f-e48c54881e1d,59,58,58
